,Sl_no,District Name,Market Name,Commodity,Variety,Grade,Min_Price,Max Price (Rs./Quintal),Modal_Price,Price_Date
558,559,Bhatinda,Maur,Wheat,Other,FAQ,1100,1100,1100,2011-04-19
34,35,Bhatinda,Bathinda,Wheat,Other,FAQ,1100,1100,1100,2013-04-06
33,34,Bhatinda,Bathinda,Wheat,Other,FAQ,1100,1100,1100,2013-04-07
31,32,Bhatinda,Bathinda,Wheat,Other,FAQ,1100,1100,1100,2013-04-08
971,972,Bhatinda,Rampura Phul,Wheat,Other,FAQ,1100,1100,1100,2013-04-09
29,30,Bhatinda,Bathinda,Wheat,Other,FAQ,1100,1100,1100,2013-04-10
1636,1637,Bhatinda,Sangat,Wheat,Other,FAQ,1100,1100,1100,2013-04-11
960,961,Bhatinda,Rampura Phul,Wheat,Other,FAQ,1100,1100,1100,2013-04-12
957,958,Bhatinda,Rampura Phul,Wheat,Other,FAQ,1100,1100,1100,2013-04-13
1339,1340,Bhatinda,Rampuraphul(Mehraj),Wheat,Other,FAQ,1100,1100,1100,2013-04-14
950,951,Bhatinda,Rampura Phul,Wheat,Other,FAQ,1100,1100,1100,2013-04-15
1789,1790,Bhatinda,Talwandi Sabo,Wheat,Other,FAQ,1100,1100,1100,2013-04-16
324,325,Bhatinda,Bhucho,Wheat,Kanak,FAQ,1100,1100,1100,2013-04-17
570,571,Bhatinda,Maur,Wheat,Other,FAQ,1100,1100,1100,2013-04-18
1052,1053,Bhatinda,Rampuraphul(Bhai Rupan),Wheat,Other,FAQ,1100,1100,1100,2013-04-19
1556,1557,Bhatinda,Sangat,Wheat,Other,FAQ,1100,1105,1100,2013-04-20
764,765,Bhatinda,Raman,Wheat,Other,FAQ,1100,1100,1100,2013-04-21
923,924,Bhatinda,Rampura Phul,Wheat,Other,FAQ,1100,1100,1100,2013-04-22
80,81,Bhatinda,Bhagta Bhai Ka,Wheat,Other,FAQ,1100,1100,1100,2013-04-23
515,516,Bhatinda,Maur,Wheat,Other,FAQ,1100,1100,1100,2013-04-24
1028,1029,Bhatinda,Rampuraphul(Bhai Rupan),Wheat,Other,FAQ,1100,1100,1100,2013-04-25
1736,1737,Bhatinda,Talwandi Sabo,Wheat,Other,FAQ,1100,1100,1100,2013-04-26
1495,1496,Bhatinda,Sangat,Wheat,Other,FAQ,1100,1105,1100,2013-04-27
50,51,Bhatinda,Bhagta Bhai Ka,Wheat,Other,FAQ,1100,1100,1100,2013-04-28
475,476,Bhatinda,Maur,Wheat,Other,FAQ,1100,1100,1100,2013-04-29
468,469,Bhatinda,Maur,Wheat,Other,FAQ,1100,1100,1100,2013-04-30
1860,1861,Bhatinda,Talwandi Sabo,Wheat,Other,FAQ,1100,1100,1100,2013-05-01
681,682,Bhatinda,Maur,Wheat,Other,FAQ,1100,1100,1100,2013-05-02
1693,1694,Bhatinda,Sangat,Wheat,Other,FAQ,1100,1100,1100,2013-05-03
1363,1364,Bhatinda,Rampuraphul(Mehraj),Wheat,Other,FAQ,1100,1100,1100,2013-05-04
1843,1844,Bhatinda,Talwandi Sabo,Wheat,Other,FAQ,1100,1100,1100,2013-05-05
138,139,Bhatinda,Bhagta Bhai Ka,Wheat,Other,FAQ,1100,1100,1100,2013-05-06
648,649,Bhatinda,Maur,Wheat,Other,FAQ,1100,1100,1100,2013-05-07
642,643,Bhatinda,Maur,Wheat,Other,FAQ,1100,1100,1100,2013-05-08
635,636,Bhatinda,Maur,Wheat,Other,FAQ,1100,1100,1100,2013-05-09
1820,1821,Bhatinda,Talwandi Sabo,Wheat,Other,FAQ,1100,1100,1100,2013-05-10
622,623,Bhatinda,Maur,Wheat,Other,FAQ,1100,1100,1100,2013-05-11
1808,1809,Bhatinda,Talwandi Sabo,Wheat,Other,FAQ,1100,1100,1100,2013-05-12
1065,1066,Bhatinda,Rampuraphul(Bhai Rupan),Wheat,Other,FAQ,1100,1100,1100,2013-05-13
951,952,Bhatinda,Rampura Phul,Wheat,Other,FAQ,1100,1100,1100,2013-05-14
591,592,Bhatinda,Maur,Wheat,Other,FAQ,1100,1100,1100,2013-05-15
582,583,Bhatinda,Maur,Wheat,Other,FAQ,1100,1100,1100,2013-05-16
105,106,Bhatinda,Bhagta Bhai Ka,Wheat,Other,FAQ,1100,1100,1100,2013-05-17
565,566,Bhatinda,Maur,Wheat,Other,FAQ,1100,1100,1100,2013-05-18
501,502,Bhatinda,Maur,Wheat,Other,FAQ,1100,1100,1100,2013-05-25
602,603,Bhatinda,Maur,Wheat,Other,FAQ,1100,1105,1100,2013-06-14
592,593,Bhatinda,Maur,Wheat,Other,FAQ,1100,1140,1100,2013-06-15
469,470,Bhatinda,Maur,Wheat,Other,FAQ,1120,1140,1130,2013-06-29
662,663,Bhatinda,Maur,Wheat,Other,FAQ,1100,1140,1100,2013-07-05
654,655,Bhatinda,Maur,Wheat,Other,FAQ,1100,1130,1100,2013-07-06
32,33,Bhatinda,Bathinda,Wheat,Other,FAQ,1600,1900,1700,2013-09-07
656,657,Bhatinda,Maur,Wheat,Other,FAQ,1300,1500,1400,2013-11-05
206,207,Bhatinda,Bhucho,Wheat,Other,FAQ,1400,1450,1400,2014-01-31
393,394,Bhatinda,Bhucho,Wheat,Other,FAQ,1100,1150,1100,2014-02-06
387,388,Bhatinda,Bhucho,Wheat,Other,FAQ,1100,1150,1100,2014-02-07
381,382,Bhatinda,Bhucho,Wheat,Other,FAQ,1100,1150,1100,2014-02-08
374,375,Bhatinda,Bhucho,Wheat,Other,FAQ,1100,1150,1100,2014-02-09
369,370,Bhatinda,Bhucho,Wheat,Other,FAQ,1100,1150,1100,2014-02-10
361,362,Bhatinda,Bhucho,Wheat,Other,FAQ,1100,1150,1100,2014-02-11
348,349,Bhatinda,Bhucho,Wheat,Other,FAQ,1110,1150,1110,2014-02-13
342,343,Bhatinda,Bhucho,Wheat,Other,FAQ,1100,1150,1100,2014-02-14
320,321,Bhatinda,Bhucho,Wheat,Other,FAQ,1100,1150,1100,2014-02-17
319,320,Bhatinda,Bhucho,Wheat,Other,FAQ,1000,1000,1000,2014-03-17
252,253,Bhatinda,Bhucho,Wheat,Other,FAQ,1000,1100,1000,2014-03-24
25,26,Bhatinda,Bathinda,Wheat,Other,FAQ,1120,1120,1120,2014-04-14
1599,1600,Bhatinda,Sangat,Wheat,Other,FAQ,1120,1125,1120,2014-04-15
330,331,Bhatinda,Bhucho,Wheat,Other,FAQ,1120,1120,1120,2014-04-16
323,324,Bhatinda,Bhucho,Wheat,Other,FAQ,1120,1120,1120,2014-04-17
788,789,Bhatinda,Raman,Wheat,Other,FAQ,1120,1120,1120,2014-04-18
303,304,Bhatinda,Bhucho,Wheat,Other,FAQ,1120,1120,1120,2014-04-19
293,294,Bhatinda,Bhucho,Wheat,Other,FAQ,1120,1120,1120,2014-04-20
763,764,Bhatinda,Raman,Wheat,Other,FAQ,1120,1120,1120,2014-04-21
754,755,Bhatinda,Raman,Wheat,Other,FAQ,1120,1120,1120,2014-04-22
747,748,Bhatinda,Raman,Wheat,Other,FAQ,1120,1120,1120,2014-04-23
73,74,Bhatinda,Bhagta Bhai Ka,Wheat,Other,FAQ,1120,1120,1120,2014-04-24
67,68,Bhatinda,Bhagta Bhai Ka,Wheat,Other,FAQ,1120,1120,1120,2014-04-25
723,724,Bhatinda,Raman,Wheat,Other,FAQ,1120,1120,1120,2014-04-26
4,5,Bhatinda,Bathinda,Wheat,Other,FAQ,1120,1120,1120,2014-04-27
222,223,Bhatinda,Bhucho,Wheat,Other,FAQ,1120,1120,1120,2014-04-28
701,702,Bhatinda,Raman,Wheat,Other,FAQ,1120,1120,1120,2014-04-29
694,695,Bhatinda,Raman,Wheat,Other,FAQ,1120,1120,1120,2014-04-30
1708,1709,Bhatinda,Sangat,Wheat,Other,FAQ,1120,1125,1120,2014-05-01
1700,1701,Bhatinda,Sangat,Wheat,Other,FAQ,1120,1125,1120,2014-05-02
149,150,Bhatinda,Bhagta Bhai Ka,Wheat,Other,FAQ,1120,1120,1120,2014-05-03
144,145,Bhatinda,Bhagta Bhai Ka,Wheat,Other,FAQ,1120,1120,1120,2014-05-04
1677,1678,Bhatinda,Sangat,Wheat,Other,FAQ,1120,1125,1120,2014-05-05
1671,1672,Bhatinda,Sangat,Wheat,Other,FAQ,1120,1125,1120,2014-05-06
1664,1665,Bhatinda,Sangat,Wheat,Other,FAQ,1120,1125,1120,2014-05-07
379,380,Bhatinda,Bhucho,Wheat,Other,FAQ,1120,1120,1120,2014-05-08
1652,1653,Bhatinda,Sangat,Wheat,Other,FAQ,1120,1125,1120,2014-05-09
1643,1644,Bhatinda,Sangat,Wheat,Other,FAQ,1120,1125,1120,2014-05-10
360,361,Bhatinda,Bhucho,Wheat,Other,FAQ,1120,1120,1120,2014-05-11
1625,1626,Bhatinda,Sangat,Wheat,Other,FAQ,1120,1125,1120,2014-05-12
347,348,Bhatinda,Bhucho,Wheat,Other,FAQ,1120,1120,1120,2014-05-13
341,342,Bhatinda,Bhucho,Wheat,Other,FAQ,1120,1120,1120,2014-05-14
333,334,Bhatinda,Bhucho,Wheat,Other,FAQ,1120,1120,1120,2014-05-15
327,328,Bhatinda,Bhucho,Wheat,Other,FAQ,1120,1120,1120,2014-05-16
792,793,Bhatinda,Raman,Wheat,Other,FAQ,1120,1120,1120,2014-05-17
784,785,Bhatinda,Raman,Wheat,Other,FAQ,1120,1120,1120,2014-05-18
1558,1559,Bhatinda,Sangat,Wheat,Other,FAQ,1120,1120,1120,2014-05-19
1549,1550,Bhatinda,Sangat,Wheat,Other,FAQ,1120,1125,1120,2014-05-20
759,760,Bhatinda,Raman,Wheat,Other,FAQ,1120,1120,1120,2014-05-21
269,270,Bhatinda,Bhucho,Wheat,Other,FAQ,1120,1120,1120,2014-05-22
259,260,Bhatinda,Bhucho,Wheat,Other,FAQ,1120,1120,1120,2014-05-23
734,735,Bhatinda,Raman,Wheat,Other,FAQ,1120,1120,1120,2014-05-24
241,242,Bhatinda,Bhucho,Wheat,Other,FAQ,1120,1120,1120,2014-05-25
233,234,Bhatinda,Bhucho,Wheat,Other,FAQ,1120,1120,1120,2014-05-26
710,711,Bhatinda,Raman,Wheat,Other,FAQ,1120,1120,1120,2014-05-27
691,692,Bhatinda,Raman,Wheat,Other,FAQ,1120,1120,1120,2014-05-30
690,691,Bhatinda,Raman,Wheat,Other,FAQ,1120,1120,1120,2014-05-31
155,156,Bhatinda,Bhagta Bhai Ka,Wheat,Other,FAQ,900,1100,1050,2014-08-02
430,431,Bhatinda,Goniana,Wheat,Other,FAQ,1285,1285,1285,2015-04-17
312,313,Bhatinda,Bhucho,Wheat,Other,FAQ,1285,1285,1285,2015-04-18
935,936,Bhatinda,Rampura Phul,Wheat,Other,FAQ,1285,1285,1285,2015-04-19
930,931,Bhatinda,Rampura Phul,Wheat,Other,FAQ,1285,1285,1285,2015-04-20
1544,1545,Bhatinda,Sangat,Wheat,Other,FAQ,1285,1285,1285,2015-04-21
531,532,Bhatinda,Maur,Wheat,Other,FAQ,1285,1285,1285,2015-04-22
1408,1409,Bhatinda,Rampuraphul(Nabha Mandi),Wheat,Other,FAQ,1285,1285,1285,2015-04-23
1744,1745,Bhatinda,Talwandi Sabo,Wheat,Other,FAQ,1285,1285,1285,2015-04-24
1882,1883,Bhatinda,Talwandi Sabo(Kot Fatta),Wheat,Other,FAQ,1285,1285,1285,2015-04-25
722,723,Bhatinda,Raman,Wheat,Other,FAQ,1285,1285,1285,2015-04-26
715,716,Bhatinda,Raman,Wheat,Other,FAQ,1285,1285,1285,2015-04-27
1868,1869,Bhatinda,Talwandi Sabo(Kot Fatta),Wheat,Other,FAQ,1285,1285,1285,2015-04-28
700,701,Bhatinda,Raman,Wheat,Other,FAQ,1285,1285,1285,2015-04-29
1193,1194,Bhatinda,Rampuraphul(Dhapali),Wheat,Other,FAQ,1285,1285,1285,2015-04-30
1467,1468,Bhatinda,Rampuraphul(Nabha Mandi),Wheat,Other,FAQ,1285,1285,1285,2015-05-01
680,681,Bhatinda,Maur,Wheat,Other,FAQ,1285,1285,1285,2015-05-02
990,991,Bhatinda,Rampura Phul,Wheat,Other,FAQ,1285,1285,1285,2015-05-03
1178,1179,Bhatinda,Rampuraphul(Chowke),Wheat,Other,FAQ,1285,1285,1285,2015-05-04
1842,1843,Bhatinda,Talwandi Sabo,Wheat,Other,FAQ,1285,1285,1285,2015-05-05
1670,1671,Bhatinda,Sangat,Wheat,Other,FAQ,1285,1285,1285,2015-05-06
647,648,Bhatinda,Maur,Wheat,Other,FAQ,1285,1285,1285,2015-05-07
439,440,Bhatinda,Goniana,Wheat,Other,FAQ,1285,1285,1285,2015-05-08
1076,1077,Bhatinda,Rampuraphul(Bhai Rupan),Wheat,Other,FAQ,1285,1285,1285,2015-05-09
825,826,Bhatinda,Raman,Wheat,Other,FAQ,1285,1285,1285,2015-05-10
820,821,Bhatinda,Raman,Wheat,Other,FAQ,1285,1285,1285,2015-05-11
1249,1250,Bhatinda,Rampuraphul(Dhapali),Wheat,Other,FAQ,1285,1285,1285,2015-05-12
1614,1615,Bhatinda,Sangat,Wheat,Other,FAQ,1285,1285,1285,2015-05-13
1062,1063,Bhatinda,Rampuraphul(Bhai Rupan),Wheat,Other,FAQ,1285,1285,1285,2015-05-14
432,433,Bhatinda,Goniana,Wheat,Other,FAQ,1285,1285,1285,2015-05-15
581,582,Bhatinda,Maur,Wheat,Other,FAQ,1285,1285,1285,2015-05-16
572,573,Bhatinda,Maur,Wheat,Other,FAQ,1285,1285,1285,2015-05-17
783,784,Bhatinda,Raman,Wheat,Other,FAQ,1285,1285,1285,2015-05-18
297,298,Bhatinda,Bhucho,Wheat,Other,FAQ,1285,1285,1285,2015-05-19
1763,1764,Bhatinda,Talwandi Sabo,Wheat,Other,FAQ,1285,1285,1285,2015-05-20
423,424,Bhatinda,Goniana,Wheat,Other,FAQ,1285,1285,1285,2015-05-21
421,422,Bhatinda,Goniana,Wheat,Other,FAQ,1285,1285,1285,2015-05-22
517,518,Bhatinda,Maur,Wheat,Other,FAQ,1285,1285,1285,2015-05-23
733,734,Bhatinda,Raman,Wheat,Other,FAQ,1285,1285,1285,2015-05-24
725,726,Bhatinda,Raman,Wheat,Other,FAQ,1285,1285,1285,2015-05-25
492,493,Bhatinda,Maur,Wheat,Other,FAQ,1285,1285,1285,2015-05-26
483,484,Bhatinda,Maur,Wheat,Other,FAQ,1285,1285,1285,2015-05-27
1720,1721,Bhatinda,Talwandi Sabo,Wheat,Other,FAQ,1285,1285,1285,2015-05-28
1384,1385,Bhatinda,Rampuraphul(Nabha Mandi),Wheat,Other,FAQ,1285,1285,1285,2015-05-29
1711,1712,Bhatinda,Talwandi Sabo,Wheat,Other,FAQ,1285,1285,1285,2015-05-30
1710,1711,Bhatinda,Talwandi Sabo,Wheat,Other,FAQ,1285,1285,1285,2015-05-31
1381,1382,Bhatinda,Rampuraphul(Mehraj),Wheat,Other,FAQ,1285,1285,1285,2015-06-01
682,683,Bhatinda,Maur,Wheat,Other,FAQ,1285,1285,1285,2015-06-02
675,676,Bhatinda,Maur,Wheat,Other,FAQ,1285,1285,1285,2015-06-03
669,670,Bhatinda,Maur,Wheat,Other,FAQ,1285,1285,1285,2015-06-04
637,638,Bhatinda,Maur,Wheat,Other,FAQ,800,900,850,2015-09-08
109,110,Bhatinda,Bhagta Bhai Ka,Wheat,Other,FAQ,1280,1280,1280,2015-10-16
559,560,Bhatinda,Maur,Wheat,Other,FAQ,1280,1280,1280,2015-10-18
542,543,Bhatinda,Maur,Wheat,Other,FAQ,1280,1280,1280,2015-10-20
630,631,Bhatinda,Maur,Wheat,Other,FAQ,1280,1280,1280,2015-11-09
560,561,Bhatinda,Maur,Wheat,Other,FAQ,1280,1280,1280,2015-11-18
363,364,Bhatinda,Bhucho,Wheat,Other,FAQ,1350,1350,1350,2016-04-11
355,356,Bhatinda,Bhucho,Wheat,Other,FAQ,1350,1350,1350,2016-04-12
434,435,Bhatinda,Goniana,Wheat,Other,FAQ,1350,1350,1350,2016-04-14
595,596,Bhatinda,Maur,Wheat,Other,FAQ,1350,1350,1350,2016-04-15
1058,1059,Bhatinda,Rampuraphul(Bhai Rupan),Wheat,Other,FAQ,1350,1350,1350,2016-04-16
1237,1238,Bhatinda,Rampuraphul(Dhapali),Wheat,Other,FAQ,1350,1350,1350,2016-04-17
103,104,Bhatinda,Bhagta Bhai Ka,Wheat,Other,FAQ,1350,1350,1350,2016-04-18
1233,1234,Bhatinda,Rampuraphul(Dhapali),Wheat,Other,FAQ,1350,1350,1350,2016-04-19
450,451,Bhatinda,Goniana(Mehma Sarja),Wheat,Other,FAQ,1350,1350,1350,2016-04-20
762,763,Bhatinda,Raman,Wheat,Other,FAQ,1350,1350,1350,2016-04-21
83,84,Bhatinda,Bhagta Bhai Ka,Wheat,Other,FAQ,1350,1350,1350,2016-04-22
77,78,Bhatinda,Bhagta Bhai Ka,Wheat,Other,FAQ,1350,1350,1350,2016-04-23
737,738,Bhatinda,Raman,Wheat,Other,FAQ,1350,1350,1350,2016-04-24
729,730,Bhatinda,Raman,Wheat,Other,FAQ,1350,1350,1350,2016-04-25
721,722,Bhatinda,Raman,Wheat,Other,FAQ,1350,1350,1350,2016-04-26
228,229,Bhatinda,Bhucho,Wheat,Other,FAQ,1350,1350,1350,2016-04-27
1867,1868,Bhatinda,Talwandi Sabo(Kot Fatta),Wheat,Other,FAQ,1350,1350,1350,2016-04-28
214,215,Bhatinda,Bhucho,Wheat,Other,FAQ,1350,1350,1350,2016-04-29
693,694,Bhatinda,Raman,Wheat,Other,FAQ,1350,1355,1350,2016-04-30
463,464,Bhatinda,Goniana(Mehma Sarja),Wheat,Other,FAQ,1350,1350,1350,2016-05-01
1186,1187,Bhatinda,Rampuraphul(Chowke),Wheat,Other,FAQ,1350,1350,1350,2016-05-02
866,867,Bhatinda,Raman,Wheat,Other,FAQ,1350,1350,1350,2016-05-03
1361,1362,Bhatinda,Rampuraphul(Mehraj),Wheat,Other,FAQ,1350,1350,1350,2016-05-04
1950,1951,Bhatinda,Talwandi Sabo(Kot Fatta),Wheat,Other,FAQ,1350,1350,1350,2016-05-05
1944,1945,Bhatinda,Talwandi Sabo(Kot Fatta),Wheat,Other,FAQ,1350,1350,1350,2016-05-06
840,841,Bhatinda,Raman,Wheat,Other,FAQ,1350,1350,1350,2016-05-07
835,836,Bhatinda,Raman,Wheat,Other,FAQ,1350,1350,1350,2016-05-08
830,831,Bhatinda,Raman,Wheat,Other,FAQ,1350,1350,1350,2016-05-09
627,628,Bhatinda,Maur,Wheat,Other,FAQ,1350,1350,1350,2016-05-10
454,455,Bhatinda,Goniana(Mehma Sarja),Wheat,Other,FAQ,1350,1350,1350,2016-05-11
1623,1624,Bhatinda,Sangat,Wheat,Other,FAQ,1355,1355,1355,2016-05-12
1801,1802,Bhatinda,Talwandi Sabo,Wheat,Other,FAQ,1350,1350,1350,2016-05-13
805,806,Bhatinda,Raman,Wheat,Other,FAQ,1350,1350,1350,2016-05-14
589,590,Bhatinda,Maur,Wheat,Other,FAQ,1350,1350,1350,2016-05-15
580,581,Bhatinda,Maur,Wheat,Other,FAQ,1350,1350,1350,2016-05-16
790,791,Bhatinda,Raman,Wheat,Other,FAQ,1350,1350,1350,2016-05-17
305,306,Bhatinda,Bhucho,Wheat,Other,FAQ,1350,1350,1350,2016-05-18
552,553,Bhatinda,Maur,Wheat,Other,FAQ,1350,1350,1350,2016-05-19
286,287,Bhatinda,Bhucho,Wheat,Other,FAQ,1350,1350,1350,2016-05-20
534,535,Bhatinda,Maur,Wheat,Other,FAQ,1350,1350,1350,2016-05-21
525,526,Bhatinda,Maur,Wheat,Other,FAQ,1350,1350,1350,2016-05-22
250,251,Bhatinda,Bhucho,Wheat,Other,FAQ,1350,1350,1350,2016-05-24
1427,1428,Bhatinda,Rampuraphul(Nabha Mandi),Wheat,Other,FAQ,4800,5165,5085,2016-12-16
334,335,Bhatinda,Bhucho,Wheat,Other,FAQ,1400,1400,1400,2017-04-15
453,454,Bhatinda,Goniana(Mehma Sarja),Wheat,Other,FAQ,1400,1400,1400,2017-04-16
576,577,Bhatinda,Maur,Wheat,Other,FAQ,1400,1400,1400,2017-04-17
786,787,Bhatinda,Raman,Wheat,Other,FAQ,1410,1410,1410,2017-04-18
778,779,Bhatinda,Raman,Wheat,Other,FAQ,1400,1400,1400,2017-04-19
1553,1554,Bhatinda,Sangat,Wheat,Kanak,FAQ,1400,1405,1400,2017-04-20
281,282,Bhatinda,Bhucho,Wheat,Other,FAQ,1400,1400,1400,2017-04-21
752,753,Bhatinda,Raman,Wheat,Other,FAQ,1400,1400,1400,2017-04-22
918,919,Bhatinda,Rampura Phul,Wheat,Other,FAQ,1400,1400,1400,2017-04-23
736,737,Bhatinda,Raman,Wheat,Other,FAQ,1400,1400,1400,2017-04-24
65,66,Bhatinda,Bhagta Bhai Ka,Wheat,Other,FAQ,1400,1400,1400,2017-04-25
1297,1298,Bhatinda,Rampuraphul(Mehraj),Wheat,Other,FAQ,1400,1400,1400,2017-04-26
1201,1202,Bhatinda,Rampuraphul(Dhapali),Wheat,Other,FAQ,1400,1400,1400,2017-04-27
48,49,Bhatinda,Bhagta Bhai Ka,Wheat,Other,FAQ,1400,1400,1400,2017-04-28
1387,1388,Bhatinda,Rampuraphul(Nabha Mandi),Wheat,Other,FAQ,1400,1400,1400,2017-04-29
998,999,Bhatinda,Rampura Phul,Wheat,Other,FAQ,1400,1400,1400,2017-05-01
1372,1373,Bhatinda,Rampuraphul(Mehraj),Wheat,Other,FAQ,1400,1400,1400,2017-05-02
1182,1183,Bhatinda,Rampuraphul(Chowke),Wheat,Other,FAQ,1400,1400,1400,2017-05-03
1952,1953,Bhatinda,Talwandi Sabo(Kot Fatta),Wheat,Other,FAQ,1400,1400,1400,2017-05-04
1357,1358,Bhatinda,Rampuraphul(Mehraj),Wheat,Other,FAQ,1400,1400,1400,2017-05-05
651,652,Bhatinda,Maur,Wheat,Other,FAQ,1400,1400,1400,2017-05-06
974,975,Bhatinda,Rampura Phul,Wheat,Other,FAQ,1400,1400,1400,2017-05-07
1654,1655,Bhatinda,Sangat,Wheat,Kanak,FAQ,1400,1405,1400,2017-05-08
371,372,Bhatinda,Bhucho,Wheat,Other,FAQ,1400,1425,1400,2017-05-09
1253,1254,Bhatinda,Rampuraphul(Dhapali),Wheat,Other,FAQ,1400,1400,1400,2017-05-10
619,620,Bhatinda,Maur,Wheat,Other,FAQ,1400,1400,1400,2017-05-11
1621,1622,Bhatinda,Sangat,Wheat,Kanak,FAQ,1400,1405,1400,2017-05-12
607,608,Bhatinda,Maur,Wheat,Other,FAQ,1400,1400,1400,2017-05-13
1602,1603,Bhatinda,Sangat,Wheat,Kanak,FAQ,1400,1405,1400,2017-05-14
1790,1791,Bhatinda,Talwandi Sabo,Wheat,Other,FAQ,1400,1400,1400,2017-05-15
1584,1585,Bhatinda,Sangat,Wheat,Kanak,FAQ,1400,1405,1400,2017-05-16
315,316,Bhatinda,Bhucho,Wheat,Other,FAQ,1400,1400,1400,2017-05-17
1423,1424,Bhatinda,Rampuraphul(Nabha Mandi),Wheat,Other,FAQ,1400,1400,1400,2017-05-18
774,775,Bhatinda,Raman,Wheat,Other,FAQ,1400,1400,1400,2017-05-19
1548,1549,Bhatinda,Sangat,Wheat,Kanak,FAQ,1405,1405,1405,2017-05-20
756,757,Bhatinda,Raman,Wheat,Other,FAQ,1400,1400,1400,2017-05-21
1524,1525,Bhatinda,Sangat,Wheat,Kanak,FAQ,1400,1405,1400,2017-05-22
516,517,Bhatinda,Maur,Wheat,Other,FAQ,1400,1400,1400,2017-05-23
508,509,Bhatinda,Maur,Wheat,Other,FAQ,1400,1400,1400,2017-05-24
499,500,Bhatinda,Maur,Wheat,Other,FAQ,1400,1400,1400,2017-05-25
491,492,Bhatinda,Maur,Wheat,Other,FAQ,1400,1400,1400,2017-05-26
482,483,Bhatinda,Maur,Wheat,Other,FAQ,1400,1400,1400,2017-05-27
703,704,Bhatinda,Raman,Wheat,Other,FAQ,1120,1120,1120,2017-05-28
1607,1608,Bhatinda,Sangat,Wheat,Other,FAQ,1410,1410,1410,2017-07-14
310,311,Bhatinda,Bhucho,Wheat,Other,FAQ,1450,1450,1450,2018-04-18
1561,1562,Bhatinda,Sangat,Wheat,Other,FAQ,1450,1450,1450,2018-04-19
289,290,Bhatinda,Bhucho,Wheat,Other,FAQ,1450,1450,1450,2018-04-20
1760,1761,Bhatinda,Talwandi Sabo,Wheat,Other,FAQ,1450,1450,1450,2018-04-21
1896,1897,Bhatinda,Talwandi Sabo(Kot Fatta),Wheat,Other,FAQ,1450,1450,1450,2018-04-22
917,918,Bhatinda,Rampura Phul,Wheat,Other,FAQ,1450,1450,1450,2018-04-23
1404,1405,Bhatinda,Rampuraphul(Nabha Mandi),Wheat,Other,FAQ,1450,1450,1450,2018-04-24
244,245,Bhatinda,Bhucho,Wheat,Other,FAQ,1450,1450,1450,2018-04-25
1206,1207,Bhatinda,Rampuraphul(Dhapali),Wheat,Other,FAQ,1450,1450,1450,2018-04-26
52,53,Bhatinda,Bhagta Bhai Ka,Wheat,Other,FAQ,1450,1450,1450,2018-04-27
173,174,Bhatinda,Bhagta Bhai Ka(Kotha Guru Ka),Wheat,Other,FAQ,1450,1450,1450,2018-04-28
1718,1719,Bhatinda,Talwandi Sabo,Wheat,Other,FAQ,1450,1450,1450,2018-04-29
883,884,Bhatinda,Rampura Phul,Wheat,Other,FAQ,1450,1450,1450,2018-04-30
684,685,Bhatinda,Maur,Wheat,Other,FAQ,1450,1450,1450,2018-05-01
1696,1697,Bhatinda,Sangat,Wheat,Other,FAQ,1450,1450,1450,2018-05-02
1688,1689,Bhatinda,Sangat,Wheat,Other,FAQ,1450,1450,1450,2018-05-03
1951,1952,Bhatinda,Talwandi Sabo(Kot Fatta),Wheat,Other,FAQ,1450,1450,1450,2018-05-04
1356,1357,Bhatinda,Rampuraphul(Mehraj),Wheat,Other,FAQ,1450,1450,1450,2018-05-05
1667,1668,Bhatinda,Sangat,Wheat,Other,FAQ,1450,1450,1450,2018-05-06
130,131,Bhatinda,Bhagta Bhai Ka,Wheat,Other,FAQ,1450,1450,1450,2018-05-07
1077,1078,Bhatinda,Rampuraphul(Bhai Rupan),Wheat,Other,FAQ,1450,1450,1450,2018-05-08
1348,1349,Bhatinda,Rampuraphul(Mehraj),Wheat,Other,FAQ,1450,1450,1450,2018-05-09
625,626,Bhatinda,Maur,Wheat,Other,FAQ,1450,1450,1450,2018-05-10
1927,1928,Bhatinda,Talwandi Sabo(Kot Fatta),Wheat,Other,FAQ,1450,1450,1450,2018-05-11
1248,1249,Bhatinda,Rampuraphul(Dhapali),Wheat,Other,FAQ,1450,1450,1450,2018-05-12
606,607,Bhatinda,Maur,Wheat,Other,FAQ,1450,1450,1450,2018-05-13
1243,1244,Bhatinda,Rampuraphul(Dhapali),Wheat,Other,FAQ,1450,1450,1450,2018-05-14
1592,1593,Bhatinda,Sangat,Wheat,Other,FAQ,1450,1450,1450,2018-05-15
1784,1785,Bhatinda,Talwandi Sabo,Wheat,Other,FAQ,1450,1450,1450,2018-05-16
1330,1331,Bhatinda,Rampuraphul(Mehraj),Wheat,Other,FAQ,1450,1450,1450,2018-05-17
1566,1567,Bhatinda,Sangat,Wheat,Other,FAQ,1450,1450,1450,2018-05-18
773,774,Bhatinda,Raman,Wheat,Other,FAQ,1450,1450,1450,2018-05-19
1547,1548,Bhatinda,Sangat,Wheat,Other,FAQ,1450,1450,1450,2018-05-20
1534,1535,Bhatinda,Sangat,Wheat,Other,FAQ,1450,1450,1450,2018-05-21
1635,1636,Bhatinda,Sangat,Wheat,Other,FAQ,1525,1525,1525,2019-04-11
1251,1252,Bhatinda,Rampuraphul(Dhapali),Wheat,Other,FAQ,1525,1525,1525,2019-04-12
956,957,Bhatinda,Rampura Phul,Wheat,Other,FAQ,1525,1525,1525,2019-04-13
604,605,Bhatinda,Maur,Wheat,Other,FAQ,1525,1525,1525,2019-04-14
1060,1061,Bhatinda,Rampuraphul(Bhai Rupan),Wheat,Other,FAQ,1525,1525,1525,2019-04-15
584,585,Bhatinda,Maur,Wheat,Other,FAQ,1525,1525,1525,2019-04-16
575,576,Bhatinda,Maur,Wheat,Other,FAQ,1525,1525,1525,2019-04-17
785,786,Bhatinda,Raman,Wheat,Other,FAQ,1525,1525,1525,2019-04-18
1985,1986,Bhatinda,Talwandi Sabo(Shekhupura),Wheat,Other,FAQ,1525,1525,1525,2019-04-19
1765,1766,Bhatinda,Talwandi Sabo,Wheat,Other,FAQ,1525,1525,1525,2019-04-20
924,925,Bhatinda,Rampura Phul,Wheat,Other,FAQ,1525,1525,1525,2019-04-21
1037,1038,Bhatinda,Rampuraphul(Bhai Rupan),Wheat,Other,FAQ,1525,1525,1525,2019-04-22
1977,1978,Bhatinda,Talwandi Sabo(Shekhupura),Wheat,Other,FAQ,1525,1525,1525,2019-04-23
1307,1308,Bhatinda,Rampuraphul(Mehraj),Wheat,Other,FAQ,1525,1525,1525,2019-04-24
1210,1211,Bhatinda,Rampuraphul(Dhapali),Wheat,Other,FAQ,1525,1525,1525,2019-04-25
901,902,Bhatinda,Rampura Phul,Wheat,Other,FAQ,1525,1525,1525,2019-04-26
1289,1290,Bhatinda,Rampuraphul(Mehraj),Wheat,Other,FAQ,1525,1525,1525,2019-04-27
1721,1722,Bhatinda,Talwandi Sabo,Wheat,Other,FAQ,1525,1525,1525,2019-04-28
1004,1005,Bhatinda,Rampuraphul(Bhai Rupan),Wheat,Other,FAQ,1525,1525,1525,2019-04-29
1468,1469,Bhatinda,Sangat,Wheat,Other,FAQ,1525,1525,1525,2019-04-30
996,997,Bhatinda,Rampura Phul,Wheat,Other,FAQ,1525,1525,1525,2019-05-01
869,870,Bhatinda,Raman,Wheat,Other,FAQ,1525,1525,1525,2019-05-02
1365,1366,Bhatinda,Rampuraphul(Mehraj),Wheat,Other,FAQ,1525,1525,1525,2019-05-03
858,859,Bhatinda,Raman,Wheat,Other,FAQ,1525,1525,1525,2019-05-04
657,658,Bhatinda,Maur,Wheat,Other,FAQ,1525,1525,1525,2019-05-05
844,845,Bhatinda,Raman,Wheat,Other,FAQ,1525,1525,1525,2019-05-06
1659,1660,Bhatinda,Sangat,Wheat,Other,FAQ,1525,1525,1525,2019-05-07
833,834,Bhatinda,Raman,Wheat,Other,FAQ,1525,1525,1525,2019-05-08
1646,1647,Bhatinda,Sangat,Wheat,Other,FAQ,1525,1525,1525,2019-05-09
822,823,Bhatinda,Raman,Wheat,Other,FAQ,1525,1525,1525,2019-05-10
816,817,Bhatinda,Raman,Wheat,Other,FAQ,1525,1525,1525,2019-05-11
808,809,Bhatinda,Raman,Wheat,Other,FAQ,1525,1525,1525,2019-05-13
1582,1583,Bhatinda,Sangat,Wheat,Other,FAQ,1525,1525,1525,2019-05-16
655,656,Bhatinda,Maur,Wheat,Other,FAQ,1625,1625,1625,2020-04-06
643,644,Bhatinda,Maur,Wheat,Other,FAQ,1625,1625,1625,2020-04-08
1252,1253,Bhatinda,Rampuraphul(Dhapali),Wheat,Other,FAQ,1625,1625,1625,2020-04-11
1344,1345,Bhatinda,Rampuraphul(Mehraj),Wheat,Other,FAQ,1625,1625,1625,2020-04-12
1616,1617,Bhatinda,Sangat,Wheat,Other,FAQ,1625,1625,1625,2020-04-13
1608,1609,Bhatinda,Sangat,Wheat,Other,FAQ,1625,1625,1625,2020-04-14
948,949,Bhatinda,Rampura Phul,Wheat,Other,FAQ,1625,1625,1625,2020-04-15
328,329,Bhatinda,Bhucho,Wheat,Other,FAQ,1625,1625,1625,2020-04-16
20,21,Bhatinda,Bathinda,Wheat,Other,FAQ,1625,1625,1625,2020-04-17
188,189,Bhatinda,Bhagta Bhai Ka(Kotha Guru Ka),Wheat,Other,FAQ,1625,1625,1625,2020-04-18
1050,1051,Bhatinda,Rampuraphul(Bhai Rupan),Wheat,Other,FAQ,1625,1625,1625,2020-04-19
545,546,Bhatinda,Maur,Wheat,Other,FAQ,1625,1625,1625,2020-04-20
1980,1981,Bhatinda,Talwandi Sabo(Shekhupura),Wheat,Other,FAQ,1625,1625,1625,2020-04-21
527,528,Bhatinda,Maur,Wheat,Other,FAQ,1625,1625,1625,2020-04-22
260,261,Bhatinda,Bhucho,Wheat,Other,FAQ,1625,1625,1625,2020-04-23
253,254,Bhatinda,Bhucho,Wheat,Other,FAQ,1625,1625,1625,2020-04-24
1971,1972,Bhatinda,Talwandi Sabo(Shekhupura),Wheat,Other,FAQ,1625,1625,1625,2020-04-25
177,178,Bhatinda,Bhagta Bhai Ka(Kotha Guru Ka),Wheat,Other,FAQ,1625,1625,1625,2020-04-26
484,485,Bhatinda,Maur,Wheat,Other,FAQ,1625,1625,1625,2020-04-27
1110,1111,Bhatinda,Rampuraphul(Chowke),Wheat,Other,FAQ,1625,1625,1625,2020-04-28
1474,1475,Bhatinda,Sangat,Wheat,Other,FAQ,1625,1625,1625,2020-04-29
1382,1383,Bhatinda,Rampuraphul(Nabha Mandi),Wheat,Other,FAQ,1625,1625,1625,2020-04-30
1187,1188,Bhatinda,Rampuraphul(Chowke),Wheat,Other,FAQ,1625,1625,1625,2020-05-01
1854,1855,Bhatinda,Talwandi Sabo,Wheat,Other,FAQ,1625,1625,1625,2020-05-02
1686,1687,Bhatinda,Sangat,Wheat,Other,FAQ,1625,1625,1625,2020-05-03
142,143,Bhatinda,Bhagta Bhai Ka,Wheat,Other,FAQ,1625,1625,1625,2020-05-04
1672,1673,Bhatinda,Sangat,Wheat,Other,FAQ,1625,1625,1625,2020-05-05
1941,1942,Bhatinda,Talwandi Sabo(Kot Fatta),Wheat,Other,FAQ,1625,1625,1625,2020-05-06
967,968,Bhatinda,Rampura Phul,Wheat,Other,FAQ,1625,1625,1625,2020-05-09
963,964,Bhatinda,Rampura Phul,Wheat,Other,FAQ,1625,1625,1625,2020-05-10
1628,1629,Bhatinda,Sangat,Wheat,Other,FAQ,1625,1625,1625,2020-05-11
1619,1620,Bhatinda,Sangat,Wheat,Other,FAQ,1625,1625,1625,2020-05-12
